STATE,DISTRICT,SUBDIVISION
ANDAMAN And NICOBAR ISLANDS,NICOBAR,ANDAMAN And NICOBAR ISLANDS
ANDAMAN And NICOBAR ISLANDS,SOUTH ANDAMAN,ANDAMAN And NICOBAR ISLANDS
ANDAMAN And NICOBAR ISLANDS,N & M ANDAMAN,ANDAMAN And NICOBAR ISLANDS
ARUNACHAL PRADESH,LOHIT,ARUNACHAL PRADESH
ARUNACHAL PRADESH,EAST SIANG,ARUNACHAL PRADESH
ARUNACHAL PRADESH,SUBANSIRI,ARUNACHAL PRADESH
ARUNACHAL PRADESH,TIRAP,ARUNACHAL PRADESH
ARUNACHAL PRADESH,ANJAW,ARUNACHAL PRADESH
ARUNACHAL PRADESH,LOWER DIBANG,ARUNACHAL PRADESH
ARUNACHAL PRADESH,CHANGLANG,ARUNACHAL PRADESH
ARUNACHAL PRADESH,PAPUM PARE,ARUNACHAL PRADESH
ARUNACHAL PRADESH,LOW SUBANSIRI,ARUNACHAL PRADESH
ARUNACHAL PRADESH,UPPER SIANG,ARUNACHAL PRADESH
ARUNACHAL PRADESH,WEST SIANG,ARUNACHAL PRADESH
ARUNACHAL PRADESH,DIBANG VALLEY,ARUNACHAL PRADESH
ARUNACHAL PRADESH,WEST KAMENG,ARUNACHAL PRADESH
ARUNACHAL PRADESH,EAST KAMENG,ARUNACHAL PRADESH
ARUNACHAL PRADESH,TAWANG,ARUNACHAL PRADESH
ARUNACHAL PRADESH,KURUNG KUMEY,ARUNACHAL PRADESH
ASSAM,CACHAR,ASSAM & MEGHALAYA
ASSAM,DARRANG,ASSAM & MEGHALAYA
ASSAM,GOALPARA,ASSAM & MEGHALAYA
ASSAM,KAMRUP,ASSAM & MEGHALAYA
ASSAM,LAKHIMPUR,ASSAM & MEGHALAYA
ASSAM,NORTH CACHAR,ASSAM & MEGHALAYA
ASSAM,NAGAON,ASSAM & MEGHALAYA
ASSAM,SIVASAGAR,ASSAM & MEGHALAYA
ASSAM,BARPETA,ASSAM & MEGHALAYA
ASSAM,DHUBRI,ASSAM & MEGHALAYA
ASSAM,DIBRUGARH,ASSAM & MEGHALAYA
ASSAM,JORHAT,ASSAM & MEGHALAYA
ASSAM,KARIMGANJ,ASSAM & MEGHALAYA
ASSAM,KOKRAJHAR,ASSAM & MEGHALAYA
ASSAM,SHONITPUR,ASSAM & MEGHALAYA
ASSAM,GOLAGHAT,ASSAM & MEGHALAYA
ASSAM,TINSUKIA,ASSAM & MEGHALAYA
ASSAM,HAILAKANDI,ASSAM & MEGHALAYA
ASSAM,DHEMAJI,ASSAM & MEGHALAYA
ASSAM,KARBI ANGLONG,ASSAM & MEGHALAYA
ASSAM,UDALGURI,ASSAM & MEGHALAYA
ASSAM,KAMRUP METROP,ASSAM & MEGHALAYA
ASSAM,CHIRANG,ASSAM & MEGHALAYA
ASSAM,BAKSA BARPETA,ASSAM & MEGHALAYA
ASSAM,BONGAIGAON,ASSAM & MEGHALAYA
ASSAM,MORIGAON,ASSAM & MEGHALAYA
ASSAM,NALBARI,ASSAM & MEGHALAYA
MEGHALAYA,LUM SHILLONG,ASSAM & MEGHALAYA
MEGHALAYA,MYNTDU VALLEY,ASSAM & MEGHALAYA
MEGHALAYA,SIMSANG,ASSAM & MEGHALAYA
MEGHALAYA,UMIAM,ASSAM & MEGHALAYA
MEGHALAYA,BALPAKRAM,ASSAM & MEGHALAYA
MEGHALAYA,MAWTHADRAISHAN,ASSAM & MEGHALAYA
MEGHALAYA,TURA HIGHLANDS,ASSAM & MEGHALAYA
MANIPUR,IMPHAL EAST,NAGA MANI MIZO TRIPURA
MANIPUR,SENAPATI,NAGA MANI MIZO TRIPURA
MANIPUR,TAMENGLONG,NAGA MANI MIZO TRIPURA
MANIPUR,CHANDEL,NAGA MANI MIZO TRIPURA
MANIPUR,UKHRUL,NAGA MANI MIZO TRIPURA
MANIPUR,THOUBAL,NAGA MANI MIZO TRIPURA
MANIPUR,BISHNUPUR,NAGA MANI MIZO TRIPURA
MANIPUR,IMPHAL WEST,NAGA MANI MIZO TRIPURA
MANIPUR,CHURACHANDPUR,NAGA MANI MIZO TRIPURA
MIZORAM,AIZAWL,NAGA MANI MIZO TRIPURA
MIZORAM,CHAMPHAI,NAGA MANI MIZO TRIPURA
MIZORAM,KOLASIB,NAGA MANI MIZO TRIPURA
MIZORAM,LUNGLEI,NAGA MANI MIZO TRIPURA
MIZORAM,CHHIMTUIPUI,NAGA MANI MIZO TRIPURA
MIZORAM,LAWNGTLAI,NAGA MANI MIZO TRIPURA
MIZORAM,MAMIT,NAGA MANI MIZO TRIPURA
MIZORAM,SAIHA,NAGA MANI MIZO TRIPURA
MIZORAM,SERCHHIP,NAGA MANI MIZO TRIPURA
NAGALAND,KOHIMA,NAGA MANI MIZO TRIPURA
NAGALAND,TUENSANG,NAGA MANI MIZO TRIPURA
NAGALAND,MOKOKCHUNG,NAGA MANI MIZO TRIPURA
NAGALAND,DIMAPUR,NAGA MANI MIZO TRIPURA
NAGALAND,WOKHA,NAGA MANI MIZO TRIPURA
NAGALAND,MON,NAGA MANI MIZO TRIPURA
NAGALAND,ZUNHEBOTO,NAGA MANI MIZO TRIPURA
NAGALAND,PHEK,NAGA MANI MIZO TRIPURA
NAGALAND,KEPHRIE,NAGA MANI MIZO TRIPURA
NAGALAND,LONGLENG,NAGA MANI MIZO TRIPURA
NAGALAND,PEREN,NAGA MANI MIZO TRIPURA
TRIPURA,NORTH TRIPURA,NAGA MANI MIZO TRIPURA
TRIPURA,SOUTH TRIPURA,NAGA MANI MIZO TRIPURA
TRIPURA,WEST TRIPURA,NAGA MANI MIZO TRIPURA
TRIPURA,DHALAI,NAGA MANI MIZO TRIPURA
WEST BENGAL,COOCH BEHAR,SUB HIMALAYAN WEST BENGAL & SIKKIM
WEST BENGAL,DARJEELING,SUB HIMALAYAN WEST BENGAL & SIKKIM
WEST BENGAL,JALPAIGURI,SUB HIMALAYAN WEST BENGAL & SIKKIM
WEST BENGAL,MALDA,SUB HIMALAYAN WEST BENGAL & SIKKIM
WEST BENGAL,SOUTH DINAJPUR,SUB HIMALAYAN WEST BENGAL & SIKKIM
WEST BENGAL,NORTH DINAJPUR,SUB HIMALAYAN WEST BENGAL & SIKKIM
SIKKIM,NORTH SIKKIM,SUB HIMALAYAN WEST BENGAL & SIKKIM
SIKKIM,EAST SIKKIM,SUB HIMALAYAN WEST BENGAL & SIKKIM
SIKKIM,WEST SIKKIM,SUB HIMALAYAN WEST BENGAL & SIKKIM
SIKKIM,SOUTH SIKKIM,SUB HIMALAYAN WEST BENGAL & SIKKIM
WEST BENGAL,BANKURA,GANGETIC WEST BENGAL
WEST BENGAL,BIRBHUM,GANGETIC WEST BENGAL
WEST BENGAL,BURDWAN,GANGETIC WEST BENGAL
WEST BENGAL,HOOGHLY,GANGETIC WEST BENGAL
WEST BENGAL,HOWRAH,GANGETIC WEST BENGAL
WEST BENGAL,PURULIA,GANGETIC WEST BENGAL
WEST BENGAL,MURSHIDABAD,GANGETIC WEST BENGAL
WEST BENGAL,NADIA,GANGETIC WEST BENGAL
WEST BENGAL,NORTH 24 PARGANAS,GANGETIC WEST BENGAL
WEST BENGAL,SOUTH 24 PARGANAS,GANGETIC WEST BENGAL
WEST BENGAL,EAST MIDNAPOR,GANGETIC WEST BENGAL
WEST BENGAL,WEST MIDNAPOR,GANGETIC WEST BENGAL
WEST BENGAL,KOLKATA,GANGETIC WEST BENGAL
ORISSA,BALASORE,ORISSA
ORISSA,BOLANGIR,ORISSA
ORISSA,KANDHAMAL,ORISSA
ORISSA,CUTTACK,ORISSA
ORISSA,DHENKANAL,ORISSA
ORISSA,GANJAM,ORISSA
ORISSA,KALAHANDI,ORISSA
ORISSA,KEONDJHARGARH,ORISSA
ORISSA,KORAPUT,ORISSA
ORISSA,MAYURBHANJ,ORISSA
ORISSA,PURI,ORISSA
ORISSA,SAMBALPUR,ORISSA
ORISSA,SUNDARGARH,ORISSA
ORISSA,BHADRAK,ORISSA
ORISSA,JAJPUR,ORISSA
ORISSA,KENDRAPARA,ORISSA
ORISSA,ANGUL,ORISSA
ORISSA,NAWAPARA,ORISSA
ORISSA,MALKANGIRI,ORISSA
ORISSA,NAWARANGPUR,ORISSA
ORISSA,NAYAGARH,ORISSA
ORISSA,KHURDA,ORISSA
ORISSA,BARGARH,ORISSA
ORISSA,JHARSUGUDA,ORISSA
ORISSA,DEOGARH,ORISSA
ORISSA,RAYAGADA,ORISSA
ORISSA,GAJAPATI,ORISSA
ORISSA,JAGATSINGHAPU,ORISSA
ORISSA,BOUDHGARH,ORISSA
ORISSA,SONEPUR,ORISSA
JHARKHAND,BOKARO,JHARKHAND
JHARKHAND,DHANBAD,JHARKHAND
JHARKHAND,DUMKA,JHARKHAND
JHARKHAND,HAZARIBAG,JHARKHAND
JHARKHAND,PALAMU,JHARKHAND
JHARKHAND,RANCHI,JHARKHAND
JHARKHAND,SAHIBGANJ,JHARKHAND
JHARKHAND,WEST SINGHBHUM,JHARKHAND
JHARKHAND,DEOGHAR,JHARKHAND
JHARKHAND,GIRIDIH,JHARKHAND
JHARKHAND,GODDA,JHARKHAND
JHARKHAND,GUMLA,JHARKHAND
JHARKHAND,LOHARDAGA,JHARKHAND
JHARKHAND,CHATRA,JHARKHAND
JHARKHAND,KODERMA,JHARKHAND
JHARKHAND,PAKUR,JHARKHAND
JHARKHAND,EAST SINGHBHU,JHARKHAND
JHARKHAND,GARHWA,JHARKHAND
JHARKHAND,SERAIKELA KHARSAWAN,JHARKHAND
JHARKHAND,JAMTARA,JHARKHAND
JHARKHAND,LATEHAR,JHARKHAND
JHARKHAND,SIMDEGA,JHARKHAND
JHARKHAND,KHUNTI,JHARKHAND
JHARKHAND,RAMGARH,JHARKHAND
BIHAR,BHAGALPUR,BIHAR
BIHAR,EAST CHAMPARAN,BIHAR
BIHAR,DARBHANGA,BIHAR
BIHAR,GAYA,BIHAR
BIHAR,MUNGER,BIHAR
BIHAR,MUZAFFARPUR,BIHAR
BIHAR,WEST CHAMPARAN,BIHAR
BIHAR,PURNEA,BIHAR
BIHAR,GOPALGANJ,BIHAR
BIHAR,MADHUBANI,BIHAR
BIHAR,AURANGABAD,BIHAR
BIHAR,BEGUSARAI,BIHAR
BIHAR,BHOJPUR,BIHAR
BIHAR,NALANDA,BIHAR
BIHAR,PATNA,BIHAR
BIHAR,KATIHAR,BIHAR
BIHAR,KHAGARIA,BIHAR
BIHAR,SARAN,BIHAR
BIHAR,MADHEPURA,BIHAR
BIHAR,NAWADA,BIHAR
BIHAR,ROHTAS,BIHAR
BIHAR,SAMASTIPUR,BIHAR
BIHAR,SITAMARHI,BIHAR
BIHAR,SIWAN,BIHAR
BIHAR,VAISHALI,BIHAR
BIHAR,JAHANABAD,BIHAR
BIHAR,BUXAR,BIHAR
BIHAR,ARARIA,BIHAR
BIHAR,BANKA,BIHAR
BIHAR,BHABUA,BIHAR
BIHAR,JAMUI,BIHAR
BIHAR,KISHANGANJ,BIHAR
BIHAR,SHEIKHPURA,BIHAR
BIHAR,SUPAUL,BIHAR
BIHAR,LAKHISARAI,BIHAR
BIHAR,SHEOHAR,BIHAR
BIHAR,ARWAL,BIHAR
BIHAR,SAHARSA,BIHAR
UTTAR PRADESH,ALLAHABAD,EAST UTTAR PRADESH
UTTAR PRADESH,AZAMGARH,EAST UTTAR PRADESH
UTTAR PRADESH,BAHRAICH,EAST UTTAR PRADESH
UTTAR PRADESH,BALLIA,EAST UTTAR PRADESH
UTTAR PRADESH,BANDA,EAST UTTAR PRADESH
UTTAR PRADESH,BARABANKI,EAST UTTAR PRADESH
UTTAR PRADESH,BASTI,EAST UTTAR PRADESH
UTTAR PRADESH,DEORIA,EAST UTTAR PRADESH
UTTAR PRADESH,FAIZABAD,EAST UTTAR PRADESH
UTTAR PRADESH,FARRUKHABAD,EAST UTTAR PRADESH
UTTAR PRADESH,FATEHPUR,EAST UTTAR PRADESH
UTTAR PRADESH,GHAZIPUR,EAST UTTAR PRADESH
UTTAR PRADESH,GONDA,EAST UTTAR PRADESH
UTTAR PRADESH,GORAKHPUR,EAST UTTAR PRADESH
UTTAR PRADESH,HARDOI,EAST UTTAR PRADESH
UTTAR PRADESH,JAUNPUR,EAST UTTAR PRADESH
UTTAR PRADESH,KANPUR NAGAR,EAST UTTAR PRADESH
UTTAR PRADESH,KHERI LAKHIMP,EAST UTTAR PRADESH
UTTAR PRADESH,LUCKNOW,EAST UTTAR PRADESH
UTTAR PRADESH,MIRZAPUR,EAST UTTAR PRADESH
UTTAR PRADESH,PRATAPGARH,EAST UTTAR PRADESH
UTTAR PRADESH,RAE BARELI,EAST UTTAR PRADESH
UTTAR PRADESH,SITAPUR,EAST UTTAR PRADESH
UTTAR PRADESH,SULTANPUR,EAST UTTAR PRADESH
UTTAR PRADESH,UNNAO,EAST UTTAR PRADESH
UTTAR PRADESH,VARANASI,EAST UTTAR PRADESH
UTTAR PRADESH,SONBHADRA,EAST UTTAR PRADESH
UTTAR PRADESH,MAHARAJGANJ,EAST UTTAR PRADESH
UTTAR PRADESH,MAU,EAST UTTAR PRADESH
UTTAR PRADESH,SIDDHARTH NGR,EAST UTTAR PRADESH
UTTAR PRADESH,KUSHINAGAR,EAST UTTAR PRADESH
UTTAR PRADESH,AMBEDKAR NAGAR,EAST UTTAR PRADESH
UTTAR PRADESH,KANNAUJ,EAST UTTAR PRADESH
UTTAR PRADESH,BALRAMPUR,EAST UTTAR PRADESH
UTTAR PRADESH,KAUSHAMBI,EAST UTTAR PRADESH
UTTAR PRADESH,SAHUJI MAHARA,EAST UTTAR PRADESH
UTTAR PRADESH,KANPUR DEHAT,EAST UTTAR PRADESH
UTTAR PRADESH,CHANDAULI,EAST UTTAR PRADESH
UTTAR PRADESH,SANT KABIR NGR,EAST UTTAR PRADESH
UTTAR PRADESH,SANT RAVIDAS,EAST UTTAR PRADESH
UTTAR PRADESH,SHRAVASTI NGR,EAST UTTAR PRADESH
UTTAR PRADESH,AGRA,WEST UTTAR PRADESH
UTTAR PRADESH,ALIGARH,WEST UTTAR PRADESH
UTTAR PRADESH,BAREILLY,WEST UTTAR PRADESH
UTTAR PRADESH,BIJNOR,WEST UTTAR PRADESH
UTTAR PRADESH,BADAUN,WEST UTTAR PRADESH
UTTAR PRADESH,BULANDSHAHAR,WEST UTTAR PRADESH
UTTAR PRADESH,ETAH,WEST UTTAR PRADESH
UTTAR PRADESH,ETAWAH,WEST UTTAR PRADESH
UTTAR PRADESH,HAMIRPUR,WEST UTTAR PRADESH
UTTAR PRADESH,JALAUN,WEST UTTAR PRADESH
UTTAR PRADESH,JHANSI,WEST UTTAR PRADESH
UTTAR PRADESH,LALITPUR,WEST UTTAR PRADESH
UTTAR PRADESH,MAINPURI,WEST UTTAR PRADESH
UTTAR PRADESH,MATHURA,WEST UTTAR PRADESH
UTTAR PRADESH,MEERUT,WEST UTTAR PRADESH
UTTAR PRADESH,MORADABAD,WEST UTTAR PRADESH
UTTAR PRADESH,MUZAFFARNAGAR,WEST UTTAR PRADESH
UTTAR PRADESH,PILIBHIT,WEST UTTAR PRADESH
UTTAR PRADESH,RAMPUR,WEST UTTAR PRADESH
UTTAR PRADESH,SAHARANPUR,WEST UTTAR PRADESH
UTTAR PRADESH,SHAHJAHANPUR,WEST UTTAR PRADESH
UTTAR PRADESH,GHAZIABAD,WEST UTTAR PRADESH
UTTAR PRADESH,FIROZABAD,WEST UTTAR PRADESH
UTTAR PRADESH,MAHOBA,WEST UTTAR PRADESH
UTTAR PRADESH,MAHAMAYA NAGA,WEST UTTAR PRADESH
UTTAR PRADESH,AURAIYA,WEST UTTAR PRADESH
UTTAR PRADESH,BAGPAT,WEST UTTAR PRADESH
UTTAR PRADESH,JYOTIBA PHULE,WEST UTTAR PRADESH
UTTAR PRADESH,GAUTAM BUDDHA,WEST UTTAR PRADESH
UTTAR PRADESH,KANSHIRAM NAG,WEST UTTAR PRADESH
UTTARAKHAND,ALMORA,UTTARAKHAND
UTTARAKHAND,CHAMOLI,UTTARAKHAND
UTTARAKHAND,DEHRADUN,UTTARAKHAND
UTTARAKHAND,GARHWAL PAURI,UTTARAKHAND
UTTARAKHAND,NAINITAL,UTTARAKHAND
UTTARAKHAND,PITHORAGARH,UTTARAKHAND
UTTARAKHAND,GARHWAL TEHRI,UTTARAKHAND
UTTARAKHAND,UTTARKASHI,UTTARAKHAND
UTTARAKHAND,HARIDWAR,UTTARAKHAND
UTTARAKHAND,CHAMPAWAT,UTTARAKHAND
UTTARAKHAND,RUDRAPRAYAG,UTTARAKHAND
UTTARAKHAND,UDHAM SINGH N,UTTARAKHAND
UTTARAKHAND,BAGESHWAR,UTTARAKHAND
HARYANA,AMBALA,HARYANA DELHI & CHANDIGARH
HARYANA,GURGAON,HARYANA DELHI & CHANDIGARH
HARYANA,HISAR,HARYANA DELHI & CHANDIGARH
HARYANA,JIND,HARYANA DELHI & CHANDIGARH
HARYANA,KARNAL,HARYANA DELHI & CHANDIGARH
HARYANA,MAHENDRAGARH,HARYANA DELHI & CHANDIGARH
HARYANA,ROHTAK,HARYANA DELHI & CHANDIGARH
HARYANA,BHIWANI,HARYANA DELHI & CHANDIGARH
HARYANA,FARIDABAD,HARYANA DELHI & CHANDIGARH
HARYANA,KURUKSHETRA,HARYANA DELHI & CHANDIGARH
HARYANA,SIRSA,HARYANA DELHI & CHANDIGARH
HARYANA,SONEPAT,HARYANA DELHI & CHANDIGARH
HARYANA,YAMUNANAGAR,HARYANA DELHI & CHANDIGARH
HARYANA,KAITHAL,HARYANA DELHI & CHANDIGARH
HARYANA,PANIPAT,HARYANA DELHI & CHANDIGARH
HARYANA,REWARI,HARYANA DELHI & CHANDIGARH
HARYANA,FATEHABAD,HARYANA DELHI & CHANDIGARH
HARYANA,JHAJJAR,HARYANA DELHI & CHANDIGARH
HARYANA,PANCHKULA,HARYANA DELHI & CHANDIGARH
HARYANA,MEWAT,HARYANA DELHI & CHANDIGARH
HARYANA,PALWAL,HARYANA DELHI & CHANDIGARH
CHANDIGARH,CHANDIGARH,HARYANA DELHI & CHANDIGARH
DELHI,NEW DELHI,HARYANA DELHI & CHANDIGARH
DELHI,CENTRAL DELHI,HARYANA DELHI & CHANDIGARH
DELHI,EAST DELHI,HARYANA DELHI & CHANDIGARH
DELHI,NORTH DELHI,HARYANA DELHI & CHANDIGARH
DELHI,NE DELHI,HARYANA DELHI & CHANDIGARH
DELHI,SW DELHI,HARYANA DELHI & CHANDIGARH
DELHI,NW DELHI,HARYANA DELHI & CHANDIGARH
DELHI,SOUTH DELHI,HARYANA DELHI & CHANDIGARH
DELHI,WEST DELHI,HARYANA DELHI & CHANDIGARH
PUNJAB,AMRITSAR,PUNJAB
PUNJAB,BATHINDA,PUNJAB
PUNJAB,FEROZEPUR,PUNJAB
PUNJAB,GURDASPUR,PUNJAB
PUNJAB,HOSHIARPUR,PUNJAB
PUNJAB,JALANDHAR,PUNJAB
PUNJAB,KAPURTHALA,PUNJAB
PUNJAB,LUDHIANA,PUNJAB
PUNJAB,PATIALA,PUNJAB
PUNJAB,RUPNAGAR,PUNJAB
PUNJAB,SANGRUR,PUNJAB
PUNJAB,FARIDKOT,PUNJAB
PUNJAB,MOGA,PUNJAB
PUNJAB,NAWANSHAHR,PUNJAB
PUNJAB,FATEHGARH SAH,PUNJAB
PUNJAB,MUKTSAR,PUNJAB
PUNJAB,MANSA,PUNJAB
PUNJAB,BARNALA,PUNJAB
PUNJAB,SAS NAGAR,PUNJAB
PUNJAB,TARN TARAN,PUNJAB
HIMACHAL PRADESH,BILASPUR,HIMACHAL PRADESH
HIMACHAL PRADESH,CHAMBA,HIMACHAL PRADESH
HIMACHAL PRADESH,KANGRA,HIMACHAL PRADESH
HIMACHAL PRADESH,KINNAUR,HIMACHAL PRADESH
HIMACHAL PRADESH,KULLU,HIMACHAL PRADESH
HIMACHAL PRADESH,LAHUL AND SPITI,HIMACHAL PRADESH
HIMACHAL PRADESH,MANDI,HIMACHAL PRADESH
HIMACHAL PRADESH,HAMIRPUR,HIMACHAL PRADESH
HIMACHAL PRADESH,SHIMLA,HIMACHAL PRADESH
HIMACHAL PRADESH,SIRMAUR,HIMACHAL PRADESH
HIMACHAL PRADESH,SOLAN,HIMACHAL PRADESH
HIMACHAL PRADESH,UNA,HIMACHAL PRADESH
JAMMU AND KASHMIR,ANANTNAG,JAMMU & KASHMIR
JAMMU AND KASHMIR,BARAMULLA,JAMMU & KASHMIR
JAMMU AND KASHMIR,DODA,JAMMU & KASHMIR
JAMMU AND KASHMIR,JAMMU,JAMMU & KASHMIR
JAMMU AND KASHMIR,KATHUA,JAMMU & KASHMIR
JAMMU AND KASHMIR,LADAKH (LEH),JAMMU & KASHMIR
JAMMU AND KASHMIR,UDHAMPUR,JAMMU & KASHMIR
JAMMU AND KASHMIR,BADGAM,JAMMU & KASHMIR
JAMMU AND KASHMIR,KUPWARA,JAMMU & KASHMIR
JAMMU AND KASHMIR,PULWAMA,JAMMU & KASHMIR
JAMMU AND KASHMIR,SRINAGAR,JAMMU & KASHMIR
JAMMU AND KASHMIR,KARGIL,JAMMU & KASHMIR
JAMMU AND KASHMIR,POONCH,JAMMU & KASHMIR
JAMMU AND KASHMIR,RAJOURI,JAMMU & KASHMIR
JAMMU AND KASHMIR,BANDIPORE,JAMMU & KASHMIR
JAMMU AND KASHMIR,GANDERWAL,JAMMU & KASHMIR
JAMMU AND KASHMIR,KULGAM(ANT),JAMMU & KASHMIR
JAMMU AND KASHMIR,SHOPAN,JAMMU & KASHMIR
JAMMU AND KASHMIR,SAMBA,JAMMU & KASHMIR
JAMMU AND KASHMIR,KISTWAR,JAMMU & KASHMIR
JAMMU AND KASHMIR,REASI,JAMMU & KASHMIR
JAMMU AND KASHMIR,RAMBAN(DDA),JAMMU & KASHMIR
RAJASTHAN,BARMER,WEST RAJASTHAN
RAJASTHAN,BIKANER,WEST RAJASTHAN
RAJASTHAN,CHURU,WEST RAJASTHAN
RAJASTHAN,SRI GANGANAGA,WEST RAJASTHAN
RAJASTHAN,JAISALMER,WEST RAJASTHAN
RAJASTHAN,JALORE,WEST RAJASTHAN
RAJASTHAN,JODHPUR,WEST RAJASTHAN
RAJASTHAN,NAGAUR,WEST RAJASTHAN
RAJASTHAN,PALI,WEST RAJASTHAN
RAJASTHAN,HANUMANGARH,WEST RAJASTHAN
RAJASTHAN,AJMER,EAST RAJASTHAN
RAJASTHAN,ALWAR,EAST RAJASTHAN
RAJASTHAN,BANSWARA,EAST RAJASTHAN
RAJASTHAN,BHARATPUR,EAST RAJASTHAN
RAJASTHAN,BHILWARA,EAST RAJASTHAN
RAJASTHAN,BUNDI,EAST RAJASTHAN
RAJASTHAN,CHITTORGARH,EAST RAJASTHAN
RAJASTHAN,DUNGARPUR,EAST RAJASTHAN
RAJASTHAN,JAIPUR,EAST RAJASTHAN
RAJASTHAN,JHALAWAR,EAST RAJASTHAN
RAJASTHAN,JHUNJHUNU,EAST RAJASTHAN
RAJASTHAN,KOTA,EAST RAJASTHAN
RAJASTHAN,SAWAI MADHOPUR,EAST RAJASTHAN
RAJASTHAN,SIKAR,EAST RAJASTHAN
RAJASTHAN,SIROHI,EAST RAJASTHAN
RAJASTHAN,TONK,EAST RAJASTHAN
RAJASTHAN,UDAIPUR,EAST RAJASTHAN
RAJASTHAN,DHOLPUR,EAST RAJASTHAN
RAJASTHAN,BARAN,EAST RAJASTHAN
RAJASTHAN,DAUSA,EAST RAJASTHAN
RAJASTHAN,RAJSAMAND,EAST RAJASTHAN
RAJASTHAN,KARAULI,EAST RAJASTHAN
RAJASTHAN,PRATAPGARH,EAST RAJASTHAN
MADHYA PRADESH,BETUL,WEST MADHYA PRADESH
MADHYA PRADESH,VIDISHA,WEST MADHYA PRADESH
MADHYA PRADESH,BHIND,WEST MADHYA PRADESH
MADHYA PRADESH,DATIA,WEST MADHYA PRADESH
MADHYA PRADESH,DEWAS,WEST MADHYA PRADESH
MADHYA PRADESH,DHAR,WEST MADHYA PRADESH
MADHYA PRADESH,GUNA,WEST MADHYA PRADESH
MADHYA PRADESH,GWALIOR,WEST MADHYA PRADESH
MADHYA PRADESH,HOSHANGABAD,WEST MADHYA PRADESH
MADHYA PRADESH,INDORE,WEST MADHYA PRADESH
MADHYA PRADESH,JHABUA,WEST MADHYA PRADESH
MADHYA PRADESH,MANDSAUR,WEST MADHYA PRADESH
MADHYA PRADESH,MORENA,WEST MADHYA PRADESH
MADHYA PRADESH,KHANDWA,WEST MADHYA PRADESH
MADHYA PRADESH,KHARGONE,WEST MADHYA PRADESH
MADHYA PRADESH,RAISEN,WEST MADHYA PRADESH
MADHYA PRADESH,RAJGARH,WEST MADHYA PRADESH
MADHYA PRADESH,RATLAM,WEST MADHYA PRADESH
MADHYA PRADESH,SEHORE,WEST MADHYA PRADESH
MADHYA PRADESH,SHAJAPUR,WEST MADHYA PRADESH
MADHYA PRADESH,SHIVPURI,WEST MADHYA PRADESH
MADHYA PRADESH,UJJAIN,WEST MADHYA PRADESH
MADHYA PRADESH,BHOPAL,EAST MADHYA PRADESH
MADHYA PRADESH,HARDA,EAST MADHYA PRADESH
MADHYA PRADESH,NEEMUCH,EAST MADHYA PRADESH
MADHYA PRADESH,SHEOPUR,EAST MADHYA PRADESH
MADHYA PRADESH,BARWANI,EAST MADHYA PRADESH
MADHYA PRADESH,ASHOKNAGAR,EAST MADHYA PRADESH
MADHYA PRADESH,BURHANPUR,EAST MADHYA PRADESH
MADHYA PRADESH,ALIRAJPUR(JBA),EAST MADHYA PRADESH
MADHYA PRADESH,BALAGHAT,EAST MADHYA PRADESH
MADHYA PRADESH,CHHATARPUR,EAST MADHYA PRADESH
MADHYA PRADESH,CHHINDWARA,EAST MADHYA PRADESH
MADHYA PRADESH,JABALPUR,EAST MADHYA PRADESH
MADHYA PRADESH,MANDLA,EAST MADHYA PRADESH
MADHYA PRADESH,NARSINGHPUR,EAST MADHYA PRADESH
MADHYA PRADESH,PANNA,EAST MADHYA PRADESH
MADHYA PRADESH,REWA,EAST MADHYA PRADESH
MADHYA PRADESH,SAGAR,EAST MADHYA PRADESH
MADHYA PRADESH,SATNA,EAST MADHYA PRADESH
MADHYA PRADESH,SEONI,EAST MADHYA PRADESH
MADHYA PRADESH,SHAHDOL,EAST MADHYA PRADESH
MADHYA PRADESH,SIDHI,EAST MADHYA PRADESH
MADHYA PRADESH,TIKAMGARH,EAST MADHYA PRADESH
MADHYA PRADESH,KATNI,EAST MADHYA PRADESH
MADHYA PRADESH,DINDORI,EAST MADHYA PRADESH
MADHYA PRADESH,UMARIA,EAST MADHYA PRADESH
MADHYA PRADESH,DAMOH,EAST MADHYA PRADESH
MADHYA PRADESH,ANUPPUR,EAST MADHYA PRADESH
MADHYA PRADESH,SINGRAULI,EAST MADHYA PRADESH
GUJARAT,AHMEDABAD,GUJARAT REGION
GUJARAT,BANASKANTHA,GUJARAT REGION
GUJARAT,BARODA,SAURASHTRA & KUTCH
GUJARAT,BHARUCH,GUJARAT REGION
GUJARAT,VALSAD,GUJARAT REGION
GUJARAT,DANGS,GUJARAT REGION
GUJARAT,KHEDA,GUJARAT REGION
GUJARAT,MEHSANA,GUJARAT REGION
GUJARAT,PANCHMAHALS,GUJARAT REGION
GUJARAT,SABARKANTHA,GUJARAT REGION
GUJARAT,SURAT,SAURASHTRA & KUTCH
GUJARAT,GANDHINAGAR,GUJARAT REGION
GUJARAT,NARMADA(BRC),GUJARAT REGION
GUJARAT,NAVSARI(VSD),GUJARAT REGION
GUJARAT,ANAND(KHR),GUJARAT REGION
GUJARAT,PATAN(MHSN),GUJARAT REGION
GUJARAT,DAHOD(PNML),GUJARAT REGION
GUJARAT,TAPI(SRT),GUJARAT REGION
GUJARAT,AMRELI,SAURASHTRA & KUTCH
GUJARAT,BHAVNAGAR,SAURASHTRA & KUTCH
GUJARAT,JAMNAGAR,SAURASHTRA & KUTCH
GUJARAT,JUNAGADH,SAURASHTRA & KUTCH
GUJARAT,KUTCH,SAURASHTRA & KUTCH
GUJARAT,RAJKOT,SAURASHTRA & KUTCH
GUJARAT,SURENDRANAGAR,SAURASHTRA & KUTCH
GUJARAT,PORBANDAR,SAURASHTRA & KUTCH
DADAR NAGAR HAVELI,DNH,GUJARAT REGION
DAMAN AND DUI,DAMAN,GUJARAT REGION
DAMAN AND DUI,DIU,GUJARAT REGION
MAHARASHTRA,MUMBAI CITY,KONKAN & GOA
MAHARASHTRA,RAIGAD,KONKAN & GOA
MAHARASHTRA,RATNAGIRI,KONKAN & GOA
MAHARASHTRA,THANE,KONKAN & GOA
MAHARASHTRA,SINDHUDURG,KONKAN & GOA
MAHARASHTRA,MUMBAI SUB,KONKAN & GOA
GOA,NORTH GOA,KONKAN & GOA
GOA,SOUTH GOA,KONKAN & GOA
MAHARASHTRA,AHMEDNAGAR,MADHYA MAHARASHTRA
MAHARASHTRA,DHULE,MADHYA MAHARASHTRA
MAHARASHTRA,JALGAON,MADHYA MAHARASHTRA
MAHARASHTRA,KOLHAPUR,MADHYA MAHARASHTRA
MAHARASHTRA,NASHIK,MADHYA MAHARASHTRA
MAHARASHTRA,PUNE,MADHYA MAHARASHTRA
MAHARASHTRA,SANGLI,MADHYA MAHARASHTRA
MAHARASHTRA,SATARA,MADHYA MAHARASHTRA
MAHARASHTRA,SOLAPUR,MADHYA MAHARASHTRA
MAHARASHTRA,NANDURBAR,MADHYA MAHARASHTRA
MAHARASHTRA,AURANGABAD(MH),MARATHWADA
MAHARASHTRA,BEED,MARATHWADA
MAHARASHTRA,NANDED,MARATHWADA
MAHARASHTRA,OSMANABAD,MARATHWADA
MAHARASHTRA,PARBHANI,MARATHWADA
MAHARASHTRA,LATUR,MARATHWADA
MAHARASHTRA,JALNA,MARATHWADA
MAHARASHTRA,HINGOLI,MARATHWADA
MAHARASHTRA,AKOLA,VIDARBHA
MAHARASHTRA,AMRAVATI,VIDARBHA
MAHARASHTRA,BHANDARA,VIDARBHA
MAHARASHTRA,BULDHANA,VIDARBHA
MAHARASHTRA,CHANDRAPUR,VIDARBHA
MAHARASHTRA,NAGPUR,VIDARBHA
MAHARASHTRA,YAVATMAL,VIDARBHA
MAHARASHTRA,WARDHA,VIDARBHA
MAHARASHTRA,GADCHIROLI,VIDARBHA
MAHARASHTRA,WASHIM,VIDARBHA
MAHARASHTRA,GONDIA,VIDARBHA
CHATISGARH,BASTAR,CHHATTISGARH
CHATISGARH,BILASPUR,CHHATTISGARH
CHATISGARH,DURG,CHHATTISGARH
CHATISGARH,RAIGARH,CHHATTISGARH
CHATISGARH,RAIPUR,CHHATTISGARH
CHATISGARH,SURGUJA,CHHATTISGARH
CHATISGARH,RAJNANDGAON,CHHATTISGARH
CHATISGARH,DANTEWADA,CHHATTISGARH
CHATISGARH,KANKER,CHHATTISGARH
CHATISGARH,JANJGIR-CHAMPA,CHHATTISGARH
CHATISGARH,KORBA,CHHATTISGARH
CHATISGARH,JASHPUR,CHHATTISGARH
CHATISGARH,DHAMTARI,CHHATTISGARH
CHATISGARH,MAHASAMUND,CHHATTISGARH
CHATISGARH,KORIYA,CHHATTISGARH
CHATISGARH,KOWARDHA,CHHATTISGARH
CHATISGARH,NARAYANPUR,CHHATTISGARH
CHATISGARH,BIJAPUR,CHHATTISGARH
ANDHRA PRADESH,EAST GODAVARI,COASTAL ANDHRA PRADESH
ANDHRA PRADESH,WEST GODAVARI,COASTAL ANDHRA PRADESH
ANDHRA PRADESH,GUNTUR,COASTAL ANDHRA PRADESH
ANDHRA PRADESH,KRISHNA,COASTAL ANDHRA PRADESH
ANDHRA PRADESH,NELLORE,COASTAL ANDHRA PRADESH
ANDHRA PRADESH,PRAKASAM,COASTAL ANDHRA PRADESH
ANDHRA PRADESH,SRIKAKULAM,COASTAL ANDHRA PRADESH
ANDHRA PRADESH,VISAKHAPATNAM,COASTAL ANDHRA PRADESH
ANDHRA PRADESH,VIZIANAGARAM,COASTAL ANDHRA PRADESH
TELANGANA,ADILABAD,TELANGANA
TELANGANA,HYDERABAD,TELANGANA
TELANGANA,KARIMNAGAR,TELANGANA
TELANGANA,KHAMMAM,TELANGANA
TELANGANA,MAHABUBNAGAR,TELANGANA
TELANGANA,MEDAK,TELANGANA
TELANGANA,NALGONDA,TELANGANA
TELANGANA,NIZAMABAD,TELANGANA
TELANGANA,WARANGAL,TELANGANA
TELANGANA,RANGAREDDY,TELANGANA
ANDHRA PRADESH,ANANTAPUR,RAYALSEEMA
ANDHRA PRADESH,CHITTOOR,RAYALSEEMA
ANDHRA PRADESH,KUDDAPAH,RAYALSEEMA
ANDHRA PRADESH,KURNOOL,RAYALSEEMA
TAMIL NADU,VELLORE,TAMIL NADU
TAMIL NADU,COIMBATORE,TAMIL NADU
TAMIL NADU,DHARMAPURI,TAMIL NADU
TAMIL NADU,KANYAKUMARI,TAMIL NADU
TAMIL NADU,CHENNAI,TAMIL NADU
TAMIL NADU,MADURAI,TAMIL NADU
TAMIL NADU,NILGIRIS,TAMIL NADU
TAMIL NADU,RAMANATHAPURA,TAMIL NADU
TAMIL NADU,SALEM,TAMIL NADU
TAMIL NADU,THANJAVUR,TAMIL NADU
TAMIL NADU,TIRUCHIRAPPAL,TAMIL NADU
TAMIL NADU,TIRUNELVELI,TAMIL NADU
TAMIL NADU,ERODE,TAMIL NADU
TAMIL NADU,PUDUKKOTTAI,TAMIL NADU
TAMIL NADU,DINDIGUL,TAMIL NADU
TAMIL NADU,VIRUDHUNAGAR,TAMIL NADU
TAMIL NADU,SIVAGANGA,TAMIL NADU
TAMIL NADU,THOOTHUKUDI,TAMIL NADU
TAMIL NADU,TIRUVANNAMALA,TAMIL NADU
TAMIL NADU,NAGAPATTINAM,TAMIL NADU
TAMIL NADU,VILUPPURAM,TAMIL NADU
TAMIL NADU,CUDDALORE,TAMIL NADU
TAMIL NADU,KANCHIPURAM,TAMIL NADU
TAMIL NADU,TIRUVALLUR,TAMIL NADU
TAMIL NADU,THENI,TAMIL NADU
TAMIL NADU,NAMAKKAL,TAMIL NADU
TAMIL NADU,KARUR,TAMIL NADU
TAMIL NADU,PERAMBALUR,TAMIL NADU
TAMIL NADU,TIRUVARUR,TAMIL NADU
TAMIL NADU,KRISHNAGIRI,TAMIL NADU
TAMIL NADU,ARIYALUR,TAMIL NADU
TAMIL NADU,TIRUPUR,TAMIL NADU
PONDICHERRY,PONDICHERRY,TAMIL NADU
PONDICHERRY,KARAIKAL,TAMIL NADU
PONDICHERRY,MAHE,TAMIL NADU
PONDICHERRY,YANAM,TAMIL NADU
KARNATAKA,UTTAR KANNADA,COASTAL KARNATAKA
KARNATAKA,DAKSHIN KANDA,COASTAL KARNATAKA
KARNATAKA,UDUPI,COASTAL KARNATAKA
KARNATAKA,BELGAM,NORTH INTERIOR KARNATAKA
KARNATAKA,BIDAR,NORTH INTERIOR KARNATAKA
KARNATAKA,BIJAPUR,NORTH INTERIOR KARNATAKA
KARNATAKA,DHARWAD,NORTH INTERIOR KARNATAKA
KARNATAKA,GULBARGA,NORTH INTERIOR KARNATAKA
KARNATAKA,YADGIR,NORTH INTERIOR KARNATAKA
KARNATAKA,RAICHUR,NORTH INTERIOR KARNATAKA
KARNATAKA,BAGALKOTE,NORTH INTERIOR KARNATAKA
KARNATAKA,GADAG,NORTH INTERIOR KARNATAKA
KARNATAKA,HAVERI,NORTH INTERIOR KARNATAKA
KARNATAKA,KOPPAL,NORTH INTERIOR KARNATAKA
KARNATAKA,BANGALORE RUR,SOUTH INTERIOR KARNATAKA
KARNATAKA,BELLARY,SOUTH INTERIOR KARNATAKA
KARNATAKA,CHIKMAGALUR,SOUTH INTERIOR KARNATAKA
KARNATAKA,CHITRADURGA,SOUTH INTERIOR KARNATAKA
KARNATAKA,KODAGU,SOUTH INTERIOR KARNATAKA
KARNATAKA,HASSAN,SOUTH INTERIOR KARNATAKA
KARNATAKA,KOLAR,SOUTH INTERIOR KARNATAKA
KARNATAKA,MANDYA,SOUTH INTERIOR KARNATAKA
KARNATAKA,MYSORE,SOUTH INTERIOR KARNATAKA
KARNATAKA,SHIMOGA,SOUTH INTERIOR KARNATAKA
KARNATAKA,TUMKUR,SOUTH INTERIOR KARNATAKA
KARNATAKA,BANGALORE URB,SOUTH INTERIOR KARNATAKA
KARNATAKA,CHAMARAJANAGA,SOUTH INTERIOR KARNATAKA
KARNATAKA,DAVANGERE,SOUTH INTERIOR KARNATAKA
KARNATAKA,RAMNAGAR(BNGR),SOUTH INTERIOR KARNATAKA
KARNATAKA,CHICKBALLAPUR,SOUTH INTERIOR KARNATAKA
KERALA,ALAPPUZHA,KERALA
KERALA,CANNUR,KERALA
KERALA,ERNAKULAM,KERALA
KERALA,KOTTAYAM,KERALA
KERALA,KOZHIKODE,KERALA
KERALA,MALAPPURAM,KERALA
KERALA,PALAKKAD,KERALA
KERALA,KOLLAM,KERALA
KERALA,THRISSUR,KERALA
KERALA,THIRUVANANTHA,KERALA
KERALA,IDUKKI,KERALA
KERALA,KASARGOD,KERALA
KERALA,PATHANAMTHITTA,KERALA
KERALA,WAYANAD,KERALA
LAKSHADWEEP,LAKSHADWEEP,LAKSHADWEEP
